Conservacion,Entropia,Etiqueta
0.2915985189919301,0.657757859507655,Clase 2
0.015080376501766302,0.9900126717012914,Clase 3
0.6238389702798741,0.813565721136737,Clase 2
0.4728957931862655,0.9839099356458719,Clase 2
0.7949008344707879,0.5144283787469186,Clase 2
0.36703230713242707,0.18339408556375414,Clase 2
0.18726358476832927,0.11626873117600411,Clase 1
0.944649444677431,0.9802629103232336,Clase 3
0.9579084648820211,0.7008560994591047,Clase 3
0.4623722419854137,0.02922021416639764,Clase 2
0.09087173141291127,0.01885706120255959,Clase 1
0.9646944418078497,0.2140533976268686,Clase 3
0.8873947213554244,0.9888039482169103,Clase 3
0.8181728027364722,0.5158011954285613,Clase 2
0.9020484111289251,0.7691062211457785,Clase 3
0.16952642001044982,0.550398324039858,Clase 2
0.7879528988317906,0.04894920445292661,Clase 3
0.34487501286055877,0.6022745727203799,Clase 2
0.5880540745315304,0.8567530957901988,Clase 2
0.34799518393854334,0.24779421893083065,Clase 2
0.5887903470057617,0.4248218512702957,Clase 2
0.8914906600024748,0.5623903540419445,Clase 2
0.9232613745161643,0.6647873692871412,Clase 3
0.9587155591117368,0.2698213171250292,Clase 3
0.701385888263792,0.07867706295756338,Clase 3
0.3805208329026143,0.3712939100053999,Clase 2
0.4453479614573379,0.9375111350830418,Clase 2
0.06212130108441405,0.7572906427683002,Clase 3
0.27986150244086183,0.4344439012759279,Clase 2
0.5633212227013944,0.5288553264183633,Clase 2
0.6625908174445938,0.06097415314423249,Clase 3
0.2729961337267529,0.9408233178536005,Clase 3
0.6186434687162549,0.14812625559669634,Clase 2
0.8015251736864322,0.7932281688314996,Clase 3
0.19125192872719377,0.6087361532566058,Clase 2
0.2507839173891714,0.9561552314095606,Clase 3
0.4300566425982425,0.6055472607952037,Clase 2
0.67258131480188,0.8094863985389189,Clase 3
0.1545913327365186,0.5704033473341851,Clase 2
0.3232478971195385,0.9485308987098464,Clase 3
0.4889420283281515,0.2796042583904741,Clase 2
0.5679147792811777,0.6273417027926673,Clase 2
0.4884477826760454,0.07112906038550004,Clase 2
0.15423512598558464,0.8087736082970788,Clase 3
0.061466750301254924,0.34062527704765844,Clase 2
0.7130696164333089,0.6093854134245962,Clase 2
0.47454749520587725,0.6229782453986946,Clase 2
0.044329110655821125,0.9763287128701292,Clase 3
0.8836417381602623,0.9333881618815899,Clase 3
0.7702500547000475,0.724019535625417,Clase 3
0.9636614723291532,0.9157917005927152,Clase 3
0.9531118924868027,0.5811891037570707,Clase 2
0.9486705239240443,0.11663749477798835,Clase 3
0.4826869373260706,0.9006728163013056,Clase 2
0.6804590342388263,0.4399417497394864,Clase 2
0.14204268208429016,0.9860884172979735,Clase 3
0.10422520938809843,0.01582981097165448,Clase 1
0.19517389738292334,0.7683058919973599,Clase 3
0.4811373411217358,0.5396316257094573,Clase 2
0.7419817888646427,0.9330187463165318,Clase 3
0.6127042755230127,0.805482147080193,Clase 2
0.7978702434571643,0.7271234656056346,Clase 3
0.5617858382867728,0.9999805385467629,Clase 2
0.9015138399044307,0.6535096876237055,Clase 2
0.6790333557918743,0.7388298231433885,Clase 3
0.3119308017165914,0.6886291318628633,Clase 3
0.6776623694723602,0.605990654013505,Clase 2
0.5620365723821454,0.8016857793681933,Clase 2
0.41626965557522366,0.7035688031949444,Clase 2
0.5370639477234607,0.6332652274933542,Clase 2
0.7579327872523287,0.1555911606727316,Clase 3
0.585467183733707,0.7359958316635551,Clase 2
0.6699603010935846,0.3107184759507503,Clase 3
0.7412838643599982,0.26282611327519045,Clase 3
0.24231079607346906,0.7247154025800504,Clase 3
0.8388427625900243,0.7702797263155456,Clase 3
0.25974757875033017,0.9175919347266349,Clase 3
0.5433411915351388,0.18034396215276793,Clase 2
0.15658778903412762,0.4786680076472718,Clase 2
0.33826291344518167,0.4879684381116196,Clase 2
0.06184763808088123,0.008755064363817788,Clase 1
0.93048244871676,0.7399551476375535,Clase 3
0.4384651463043798,0.31444974528820746,Clase 2
0.25114025574253307,0.1281644420310375,Clase 1
0.2872476013160473,0.5132864290579077,Clase 2
0.7546117653421318,0.3180009332553435,Clase 3
0.15924932335498676,0.26845713551570916,Clase 1
0.25085341424153085,0.42589421159325713,Clase 2
0.8031058543379918,0.6593634400310526,Clase 2
0.8952387003328744,0.5602692731672676,Clase 2
0.03977027253946386,0.2675354516239308,Clase 1
0.4517929694674868,0.3889196647201233,Clase 2
0.5665153480013072,0.7450281725774955,Clase 2
0.2902149379792581,0.17066696928325253,Clase 1
0.20160604803113258,0.6301654337469608,Clase 2
0.9010103787106557,0.8138926412927698,Clase 3
0.5082177007929729,0.6833728751870438,Clase 2
0.33956276100138927,0.893619153374607,Clase 2
0.5595381784406093,0.9010793541400575,Clase 2
0.2504394183658837,0.6759298935367143,Clase 3
0.8155655531884054,0.35507551214493704,Clase 2
0.406490940970321,0.5980800122903385,Clase 2
0.517579771264474,0.44787760506369756,Clase 2
0.2672171954166077,0.9125066105283913,Clase 3
0.8838909559600726,0.7553356518303812,Clase 3
0.6716269214048026,0.12800387092409826,Clase 3
0.5540011798682657,0.3272725096560284,Clase 2
0.32062521223129614,0.1725424264267098,Clase 1
0.1309732974393384,0.18337027086748114,Clase 1
0.6336031512027849,0.48974029784227047,Clase 2
0.7388313676726775,0.4209852736932863,Clase 2
0.8910901422219721,0.12007706356739478,Clase 3
0.06616445230103374,0.08990312424737856,Clase 1
0.94004539077397,0.4522636770199777,Clase 2
0.3280831951326857,0.2285822135239043,Clase 1
0.9897695357890381,0.39399377908908095,Clase 2
0.6313965119884374,0.6902200618658776,Clase 2
0.4419441778654033,0.19938697999591948,Clase 2
0.287495758374941,0.5410186357815372,Clase 2
0.11495394698190009,0.28752298470154525,Clase 1
0.8466419488739109,0.3483254039208331,Clase 2
0.017467772105963952,0.24648875936136505,Clase 1
0.7020031331474883,0.5252968055847872,Clase 2
0.33251051482824523,0.45298454225262763,Clase 2
0.43354440822400586,0.8883658217446047,Clase 2
0.44442632917603075,0.7067577568586972,Clase 2
0.9167410247668754,0.9727641139513197,Clase 3
0.9405360253588885,0.7759591838521153,Clase 3
0.3833828563307743,0.26638800823873865,Clase 2
0.05003175338515764,0.46079915882883393,Clase 2
0.171148326970456,0.24108521145583595,Clase 1
0.21141663142504763,0.6014042670824418,Clase 2
0.9262471095616824,0.16119451776871507,Clase 3
0.43642898522556395,0.16112786340804341,Clase 2
0.7858732463361676,0.6642650217834928,Clase 3
0.7387449049959668,0.7760849157978628,Clase 3
0.8475597995572907,0.5388252915663818,Clase 2
0.12580177454492758,0.619271840503242,Clase 2
0.279421164603872,0.2554392019330546,Clase 1
0.23838822253935554,0.05561288806358089,Clase 1
0.8834150024450391,0.2954358620625014,Clase 3
0.27496612049390845,0.040749834991446465,Clase 1
0.2660021902724439,0.391771196707553,Clase 2
0.1541482661132011,0.8506895540487384,Clase 3
0.2029685451337051,0.2749015704680957,Clase 1
0.38045715517237544,0.9782094403703151,Clase 2
0.592313685322041,0.2459360504293664,Clase 2
0.9961614055354507,0.6254787259417282,Clase 2
0.33015736629910053,0.5136063108298969,Clase 2
0.5009265232977469,0.5657919019527801,Clase 2
0.8415126622410836,0.29808361554930873,Clase 3
0.867281154048894,0.3430991904122568,Clase 2
0.8735444384140925,0.8557548003497405,Clase 3
0.9801989162379862,0.506061033297387,Clase 2
0.2370165801005618,0.1447738962222277,Clase 1
0.8664286656800626,0.6806793238992385,Clase 3
0.32389791529224843,0.770634893266756,Clase 3
0.4915731000193374,0.9816238191958605,Clase 2
0.05663785697444146,0.8139785581278488,Clase 3
0.29550666514927604,0.05353264581439532,Clase 1
0.29461847301750743,0.2481739054259685,Clase 1
0.143069604909546,0.5277402701201311,Clase 2
0.0041239496636751305,0.4143398913357117,Clase 2
0.3638851963173717,0.43599021685059625,Clase 2
0.7674420169808113,0.8599335362655266,Clase 3
0.8129552886587695,0.23749130829795073,Clase 3
0.021499464995018314,0.5737612437480621,Clase 2
0.7719323604314486,0.6041433411684114,Clase 2
0.10978994544262499,0.9978695299758641,Clase 3
0.8658037822325192,0.5275470184772529,Clase 2
0.4003134159283478,0.09896199817921625,Clase 2
0.08594156638512107,0.3205109160387881,Clase 1
0.7181153489029858,0.3548400123568167,Clase 2
0.9556938624638602,0.7585311666636079,Clase 3
0.10611220479640737,0.35944701425603354,Clase 2
0.7530015031480851,0.4912092657492605,Clase 2
0.41049033671265145,0.39710046189521275,Clase 2
0.8216211456160946,0.3840501678065419,Clase 2
0.8469409731374293,0.38060457919659474,Clase 2
0.6328525905740547,0.11940614393491478,Clase 2
0.4007596434505093,0.654777513189837,Clase 2
0.12678730489561907,0.06556136106830746,Clase 1
0.35408006967546846,0.11832917923901842,Clase 2
0.02629428899180941,0.9448793543216433,Clase 3
0.047358684835277276,0.6466136417273948,Clase 2
0.5557901159343897,0.5607733151645963,Clase 2
0.3014176432360961,0.9320979315176442,Clase 3
0.6930032535293501,0.45588364676577686,Clase 2
0.08770606898799382,0.32821980137763385,Clase 1
0.3000149001648006,0.25373123482180493,Clase 1
0.9394259902433182,0.8437416090189285,Clase 3
0.7596559176545721,0.9608473724004262,Clase 3
0.023456449563233672,0.1563603978177026,Clase 1
0.2808352266976304,0.6295196652180006,Clase 2
0.3656997633659256,0.30973564832114553,Clase 2
0.06306869077947064,0.276117697750786,Clase 1
0.7101310615327916,0.4482428070695198,Clase 2
0.6160525468554385,0.8537728009419799,Clase 2
0.6361892679034798,0.026758503876650686,Clase 2
0.3420972109882635,0.984159531842856,Clase 2
0.7306586317433118,0.6630167644409629,Clase 3
0.2981688377966628,0.050975225129150536,Clase 1
0.43054325026365403,0.766595687926411,Clase 2
0.6046032960647328,0.9362959390231039,Clase 2
0.5792205449182302,0.2469120882062006,Clase 2
0.362942424701059,0.6966356642909055,Clase 2
0.5094740449541967,0.6868460345069163,Clase 2
0.37681841816977557,0.46096649417498015,Clase 2
0.15480356224308645,0.9740442820868285,Clase 3
0.2742485544571046,0.41510817873457995,Clase 2
0.48781738449056156,0.1453516179673403,Clase 2
0.906308499805588,0.8059635462360438,Clase 3
0.4624590299440131,0.8156029216822926,Clase 2
0.3892002181596894,0.8779918685085208,Clase 2
0.3574226805423658,0.7747860524775209,Clase 2
0.5235305581929773,0.10451299409655923,Clase 2
0.5768932586046701,0.11775552038716386,Clase 2
0.3321459991154042,0.7253069130481878,Clase 2
0.6864256188484341,0.03486976106755779,Clase 3
0.7124095036758795,0.46134601631069894,Clase 2
0.8465960521747788,0.9982040947093113,Clase 3
0.9766771172327874,0.9079933191542486,Clase 3
0.09406697364390848,0.47422656371595207,Clase 2
0.8649811322781612,0.4811245103779229,Clase 2
0.35760760706746764,0.9538839160976514,Clase 2
0.08897904671281864,0.2938489416147526,Clase 1
0.29793701687012697,0.10064344127780822,Clase 1
0.5549603262728585,0.8934681300899291,Clase 2
0.5027572394889435,0.7939519479519216,Clase 2
0.7671703308493462,0.9682722260957394,Clase 3
0.11070181360806919,0.8746401296204921,Clase 3
0.7968947771128243,0.7685409441038479,Clase 3
0.9581108121427072,0.8504888423949682,Clase 3
0.5340223237567676,0.5524366665789667,Clase 2
0.6824001114292374,0.8084544209938765,Clase 3
0.16417903452210703,0.5670077883316184,Clase 2
0.6304047725282274,0.31919760899941063,Clase 2
0.5496754377277122,0.2238791884762671,Clase 2
0.9597468518743647,0.8417978567693675,Clase 3
0.07200848859260267,0.9840903230421928,Clase 3
0.6820141646117764,0.5740749192555491,Clase 2
0.49937174753201685,0.09746610798053545,Clase 2
0.3153412192970112,0.3142895995130236,Clase 1
0.1341823885179403,0.17203425669600347,Clase 1
0.47721546713416685,0.5315450373709509,Clase 2
0.033906152286186875,0.7479241640302288,Clase 3
0.07080154372457892,0.34902452610170853,Clase 2
0.8555942933228762,0.47119769141378554,Clase 2
0.747212956934779,0.9958709268534299,Clase 3
0.5746121974079986,0.15203641328224138,Clase 2
0.1892053810404165,0.6283081919788487,Clase 2
0.5484016241176259,0.48583758187082404,Clase 2
0.4663518565256125,0.911286451775409,Clase 2
0.6863078413414964,0.59356781197452,Clase 2
0.2609361296421915,0.32179551084570523,Clase 1
0.3056189982936016,0.8501610116813959,Clase 3
0.4221637460284404,0.13736773664410018,Clase 2
0.020907861426044616,0.9631634024229991,Clase 3
0.021392438692139693,0.8709641014231082,Clase 3
0.9908046646782023,0.7358779313295543,Clase 3
0.6790093969206464,0.014366682077931014,Clase 3
0.10563603346335071,0.17732347826658934,Clase 1
0.45769222779996444,0.8887844324714378,Clase 2
0.07721992435501868,0.2722360383286546,Clase 1
0.07585928438450351,0.6793697437876851,Clase 3
0.06918999787040936,0.9097200999642633,Clase 3
0.6784106811049972,0.565331586546459,Clase 2
0.2917705227274271,0.21600299690159674,Clase 1
0.16751875017495654,0.9970796398157236,Clase 3
0.6576346385277079,0.3167095676499545,Clase 2
0.5847142126513826,0.2008833956334629,Clase 2
0.22972980097891016,0.7308519989411385,Clase 3
0.6169919712135509,0.6304667766028499,Clase 2
0.46554738415578967,0.8150789037666281,Clase 2
0.8447459014023966,0.13457591385315992,Clase 3
0.37817480481850874,0.9405395290471373,Clase 2
0.5397947790894309,0.46643544055000186,Clase 2
0.8422623761517701,0.9498829723638172,Clase 3
0.9729600074128191,0.5602752640960676,Clase 2
0.5101600430914761,0.28658642993741235,Clase 2
0.18509360968145783,0.8641113055544801,Clase 3
0.1159853036771783,0.26783210859889195,Clase 1
0.34711480707961595,0.7959509819937792,Clase 2
0.15413461647254934,0.4801108954991151,Clase 2
0.6580010710572385,0.84811116159129,Clase 2
0.9393200448232891,0.17986099417844648,Clase 3
0.8703477549870617,0.46870456214630263,Clase 2
0.16662942797059255,0.04292287637053993,Clase 1
0.09017474508220014,0.7486610911199743,Clase 3
0.17050043002508875,0.5874744298360599,Clase 2
0.07156836701431857,0.501373086136754,Clase 2
0.9391585420030378,0.17181559891389275,Clase 3
0.8468156705184807,0.48665566907725766,Clase 2
0.5573495287864516,0.4737649775660775,Clase 2
0.11963670428328699,0.46374267817040016,Clase 2
0.14389756025575695,0.3268625533120859,Clase 1
0.525805235452906,0.3462141634079602,Clase 2
0.28700715363691875,0.5200369537248462,Clase 2
0.1306221621088326,0.30603480730052435,Clase 1
0.689132032203123,0.27162670260013233,Clase 3
0.6031837387266418,0.20798973444955837,Clase 2
0.5547530618502325,0.23224932129365583,Clase 2
0.05862833503189391,0.7882147483234139,Clase 3
0.3076435801398173,0.9586782453967545,Clase 3
0.18888682602187967,0.4913797242134703,Clase 2
0.9753430928316806,0.8756060056357806,Clase 3
0.9194477687250558,0.6638022938154381,Clase 3
0.2032978540795065,0.5110275177517881,Clase 2
0.5995779028368459,0.8140884103319281,Clase 2
0.6080289248467359,0.15484209475353927,Clase 2
0.870286249271342,0.6766437115751724,Clase 3
0.8718118365329772,0.36381577087645633,Clase 2
0.2133585877855071,0.7706104840844956,Clase 3
0.191121885752344,0.15535357005419592,Clase 1
0.2971069892669058,0.17847037334504479,Clase 1
0.5037923311506725,0.2634084771746634,Clase 2
0.9968223192430697,0.28964110484380623,Clase 3
0.8563153008325682,0.378119570589149,Clase 2
0.6826083273435696,0.7627225394405563,Clase 3
0.6828301241092445,0.7212575031605418,Clase 3
0.17642864486943421,0.21107162515724198,Clase 1
0.7229497916801096,0.7050267103538391,Clase 3
0.258132893493908,0.03294924945693434,Clase 1
0.6679796897855841,0.03388862299255746,Clase 3
0.31746732460175175,0.41733493366006813,Clase 2
0.6358840131755169,0.11596259181971968,Clase 2
0.7179026051880824,0.08870987253541396,Clase 3
0.39256595144705386,0.35688416720865646,Clase 2
0.8798585579396829,0.454447039772251,Clase 2
0.528657296066671,0.14156821154832688,Clase 2
0.2504889439229301,0.2543347238220105,Clase 1
0.40697016289349364,0.5420215020489393,Clase 2
0.21851625521561413,0.2358255297843882,Clase 1
0.48205339953905,0.5977490570229239,Clase 2
0.17302792759950691,0.8846283800545817,Clase 3
0.7616902702216968,0.4625825520097916,Clase 2
0.4389752270846563,0.7264917610478742,Clase 2
0.1785783040698088,0.6365136647866727,Clase 2
0.33414679205674835,0.07713501326501959,Clase 2
0.17138101495409852,0.9961324131370226,Clase 3
0.8763992721318775,0.6382599679054365,Clase 2
0.5395175257969937,0.5874749582656064,Clase 2
0.8807744775129072,0.2660933100524375,Clase 3
0.2093899680411797,0.2206593301867592,Clase 1
0.22869241421843922,0.6902330459956525,Clase 3
0.7139775251540622,0.5707341014862022,Clase 2
0.993824221252831,0.0653902900248412,Clase 3
0.20716721024698137,0.8443663606844753,Clase 3
0.8354600535796589,0.7965640665708763,Clase 3
0.8918993256556779,0.6550179673476973,Clase 2
0.06462238021161593,0.20302808536039763,Clase 1
0.9794969784919425,0.5804291042557047,Clase 2
0.27484764176248666,0.8588482519535029,Clase 3
0.4845208108689336,0.7430409156375956,Clase 2
0.39991680049484546,0.6855051076016382,Clase 2
0.7494133942420338,0.23682235889713632,Clase 3
0.8284480808142333,0.6592588995294562,Clase 2
0.7282113245166184,0.1991667129145741,Clase 3
0.0975090140409618,0.5010518538350642,Clase 2
0.8510769744467455,0.6191121049791647,Clase 2
0.7493424261093187,0.831697971765378,Clase 3
0.45736102637972187,0.2563393056902521,Clase 2
0.961512957599403,0.5017873767060969,Clase 2
0.5924069718292871,0.37397600140906384,Clase 2
0.8617008953331434,0.9335180530084984,Clase 3
0.22201887816289212,0.9465159748543167,Clase 3
0.6605647928978624,0.41452970008700485,Clase 2
0.05417502851151035,0.6786267621333695,Clase 3
0.9983604477104526,0.4639542244402701,Clase 2
0.9602169206560232,0.9283154876786531,Clase 3
0.286182928696709,0.5703591175488528,Clase 2
0.2062141039335511,0.37877768638800613,Clase 2
0.14074264843837525,0.6326148677971211,Clase 2
0.6178796286927254,0.7760363685315376,Clase 2
0.7824471646369554,0.7576295967935553,Clase 3
0.8050940442349049,0.9481926042748725,Clase 3
0.8721011455924711,0.820214639070764,Clase 3
0.9541565562506972,0.21861901493991887,Clase 3
0.7353547634914891,0.4914531676225534,Clase 2
0.30404745411479817,0.9511729914458055,Clase 3
0.3527294629885108,0.7748847231392186,Clase 2
0.8566339428785198,0.306967632891488,Clase 3
0.6094831355121908,0.6288308978323824,Clase 2
0.9481013828946854,0.15758039819014436,Clase 3
0.2938223169099041,0.6057872707660449,Clase 2
0.060747199834782606,0.3210046587381705,Clase 1
0.9267550653038992,0.9467301500231206,Clase 3
0.48021217596232313,0.8703429124917754,Clase 2
0.1881071256527691,0.48996201805305417,Clase 2
0.9189432936964675,0.4005454177857355,Clase 2
0.39976257772009827,0.75839269253518,Clase 2
0.711906047322639,0.7293867098577806,Clase 3
0.5784283851356534,0.887457262695822,Clase 2
0.2981688997824412,0.9488345690667518,Clase 3
0.9987351330195698,0.6051963253718479,Clase 2
0.5299831902899235,0.2059203715973964,Clase 2
0.32760567846996025,0.5258818546615379,Clase 2
0.25882095757589285,0.14996357409041683,Clase 1
0.2687992027537254,0.7925200447871129,Clase 3
0.8412329349753713,0.7930349643765155,Clase 3
0.18256224543189947,0.012482692160067699,Clase 1
0.579757628365005,0.8884549073782675,Clase 2
0.778738567596121,0.5643821892230256,Clase 2
0.15169258711354616,0.5284757484712898,Clase 2
0.7415609975857341,0.4521662398486067,Clase 2
0.7489251568598658,0.9942274891720572,Clase 3
0.14410119476295058,0.023360808969754676,Clase 1
0.634818809069204,0.29615313731571036,Clase 2
0.01738809364444527,0.9351478971140696,Clase 3
0.47321099068976014,0.2726532425915178,Clase 2
0.23774595380653518,0.37478023397499327,Clase 2
0.8678135321237862,0.29991978241554496,Clase 3
0.002089775045541753,0.03279081853110288,Clase 1
0.6033700352146792,0.8300079605846429,Clase 2
0.7365391970386311,0.7095302223627117,Clase 3
0.0664831170138025,0.798085701564776,Clase 3
0.45671724400753666,0.10821951332782354,Clase 2
0.8364381776965047,0.9104785853693921,Clase 3
0.568632073062409,0.7633531789599247,Clase 2
0.9262752104226587,0.6444680944288153,Clase 2
0.39040756755113004,0.28265631292513393,Clase 2
0.2753011923323301,0.8351528421096663,Clase 3
0.1590790309367277,0.8432771662767734,Clase 3
0.8825253315707716,0.005095917830332475,Clase 3
0.592436168902249,0.8148977216439507,Clase 2
0.195820917001708,0.5547593163489722,Clase 2
0.4722339254928506,0.9626764960551747,Clase 2
0.8696614457193432,0.053682474781268086,Clase 3
0.07463550734998192,0.5706039633096376,Clase 2
0.5594194322321603,0.2917591497223403,Clase 2
0.19430326272054754,0.7949071614951424,Clase 3
0.4198851801969897,0.7603852011618376,Clase 2
0.289538665688049,0.029431519285323615,Clase 1
0.48853484368914835,0.7918798380198996,Clase 2
0.8404130205521898,0.20317607652049074,Clase 3
0.27422032315270173,0.9755579775679648,Clase 3
0.912978837292858,0.10262400549945505,Clase 3
0.03866461649425834,0.0771589158952819,Clase 1
0.974579368668633,0.0802365854159044,Clase 3
0.9824526092216789,0.8632188107188072,Clase 3
0.3519834074706396,0.9367864903406896,Clase 2
0.20032374980470358,0.15281848777542928,Clase 1
0.30234628708283706,0.26991843524484194,Clase 1
0.33735848651789524,0.07942858211501247,Clase 2
0.27337740466841776,0.9091366100499184,Clase 3
0.6369157353329354,0.631263556777393,Clase 2
0.16731582209554907,0.5304811133848375,Clase 2
0.5352214302038146,0.6047663643406798,Clase 2
0.3800357215641149,0.4702569539213657,Clase 2
0.25300065249911485,0.0992559477859124,Clase 1
0.043741816932954425,0.6556105964892562,Clase 2
0.6338772854049862,0.02447908416771538,Clase 2
0.5005808796758774,0.07153938233422918,Clase 2
0.840770522820813,0.21493300703722962,Clase 3
0.11703580042940498,0.03158357782313426,Clase 1
0.9548536025050612,0.7925758845810174,Clase 3
0.09720347128733864,0.05120810147608745,Clase 1
0.14260111541805276,0.6694553530344852,Clase 3
0.15738354265977705,0.45335358878586984,Clase 2
0.8086768691475728,0.5162859885126053,Clase 2
0.021343661586720075,0.0407358101595352,Clase 1
0.9553595839188262,0.13486228094781882,Clase 3
0.5415773528431577,0.20714280332233437,Clase 2
0.4280069041525937,0.40450547912456136,Clase 2
0.9022220356319496,0.28292747810599017,Clase 3
0.9413795913650999,0.7231414624651674,Clase 3
0.4909184152944751,0.3105693385438246,Clase 2
0.13608037142104712,0.44911045717357545,Clase 2
0.1946442197303434,0.18109127575548412,Clase 1
0.31900962747809525,0.5216396338972505,Clase 2
0.19072191556942353,0.16283432888634763,Clase 1
0.3538941855671546,0.02472763571584169,Clase 2
0.8053737389360305,0.9632693200931394,Clase 3
0.6145005462620844,0.2105187235109024,Clase 2
0.3100443791203258,0.25370755638010956,Clase 1
0.7671094993938151,0.28788184138044126,Clase 3
0.21576989575580963,0.5606728875833847,Clase 2
0.7864485218946297,0.1368970376131502,Clase 3
0.10433792944190623,0.025605995309217144,Clase 1
0.432845951951374,0.6322327776492538,Clase 2
0.34193208971757827,0.6440353096200693,Clase 2
0.7286818595190834,0.26881423585194697,Clase 3
0.0018495106097112801,0.3437347223061078,Clase 2
0.17141436887381079,0.7995081216462461,Clase 3
0.4481360072902848,0.8565724473191227,Clase 2
0.7011231898555809,0.3597664005794896,Clase 2
0.3052551506794736,0.13715756898322573,Clase 1
0.32010106223366064,0.8399020917037869,Clase 3
0.04889328080720168,0.8035281463243837,Clase 3
0.9444968858969227,0.9766416739010222,Clase 3
0.6616126235737522,0.38272078169161805,Clase 2
0.7729284509014356,0.78320302256492,Clase 3
0.28603507194707056,0.7922143042837979,Clase 3
0.3997146450406327,0.5183528587364346,Clase 2
0.950446412055095,0.0527529382044285,Clase 3
0.40580684263121203,0.3670915355332237,Clase 2
0.29012334770500225,0.3811663102907604,Clase 2
0.6943588976684668,0.5307023247299091,Clase 2
0.4971330288182295,0.6588665607650086,Clase 2
0.3311457070125444,0.7541912394793439,Clase 2
0.34804658289879664,0.9893293762544122,Clase 2
0.24206526182821486,0.4730156124121112,Clase 2
0.37717603688610246,0.9750601213994333,Clase 2
0.7206025152200316,0.8036266423487917,Clase 3
0.9610298426929508,0.42899823786859004,Clase 2
0.2953985665370513,0.013681383627488608,Clase 1
0.7804920185979126,0.8637057608703265,Clase 3
0.07566138242052156,0.751253444197931,Clase 3
0.4307278263847224,0.7452660985022146,Clase 2
0.11696792969432479,0.590910571120496,Clase 2
0.9279563332959725,0.13315025234036948,Clase 3
0.8713982208019343,0.7204565561394956,Clase 3
0.5639998898376729,0.9923208213995771,Clase 2
0.25428868976004104,0.30533974505172234,Clase 1
0.23879698671901128,0.5429550485226117,Clase 2
0.00391246652725552,0.6250204822484333,Clase 2
0.00012855609605999518,0.5415209475802428,Clase 2
0.12979292730305603,0.8354096674598698,Clase 3
0.5199727067070661,0.5142110948882856,Clase 2
0.9770663166900505,0.1762162270003934,Clase 3
0.7389599150104756,0.5185766700331295,Clase 2
0.2137544861796472,0.5369741829376752,Clase 2
0.5543249752307581,0.7485733807807019,Clase 2
0.9055367369994479,0.42198547388465835,Clase 2
0.5564780646500996,0.0775575787961067,Clase 2
0.47982679117880644,0.7530029584088109,Clase 2
0.3067154775357436,0.6529172782430369,Clase 2
0.3330125833237676,0.4925973547262317,Clase 2
0.12680892047317383,0.3926653548714547,Clase 2
0.026825302856105293,0.3587899901447654,Clase 2
0.6923419199144593,0.2765951320527069,Clase 3
0.5128683080122632,0.7998961762708753,Clase 2
0.38038366543669033,0.7158493186527937,Clase 2
0.4612666350416035,0.34153406391933194,Clase 2
0.686093854449877,0.5341669891620643,Clase 2
0.1878446830166267,0.5004221628586785,Clase 2
0.7174084822489689,0.9868556135569698,Clase 3
0.7921199186621146,0.026660695365886333,Clase 3
0.6811119337506041,0.04817595540106334,Clase 3
0.7774103760814342,0.4525845264476407,Clase 2
0.4240267751116341,0.267451087653199,Clase 2
0.03264138619401946,0.1935689482873757,Clase 1
0.05019087845182746,0.040775477251965286,Clase 1
0.23582019047637037,0.04584827419754667,Clase 1
0.8214679402359587,0.265585876821125,Clase 3
0.3801749661231163,0.15294550980272026,Clase 2
0.8424712816996734,0.5171343657751588,Clase 2
0.7137984818572514,0.5822352977034594,Clase 2
0.777883797132211,0.8022927997945307,Clase 3
0.8049361402333151,0.3318894489472044,Clase 2
0.6610536554161607,0.38913121272859263,Clase 2
0.04484849848579653,0.43922039821515757,Clase 2
0.050724469440786346,0.4026396833881556,Clase 2
0.6738859354559477,0.25006084101078996,Clase 3
0.15764709501304808,0.8097309260895373,Clase 3
0.5107597136884668,0.55558801732385,Clase 2
0.43545217394168745,0.7059246180343259,Clase 2
0.47648322418469014,0.2901631177837305,Clase 2
0.6115753082987181,0.18984961270587797,Clase 2
0.9570099554280777,0.47580760696680147,Clase 2
0.6322194980566995,0.7147739812512746,Clase 2
0.4161620161589411,0.525253518066657,Clase 2
0.04018326895619162,0.9076844358683673,Clase 3
0.7988125064726891,0.8065498728193888,Clase 3
0.667367421430339,0.9460799826143107,Clase 3
0.7685110091547618,0.26139100710795504,Clase 3
0.6270180402711948,0.31712537410807373,Clase 2
0.20020286063744863,0.8892453889288101,Clase 3
0.06369000340493103,0.1019598179448089,Clase 1
0.4746293446879334,0.3048049888345017,Clase 2
0.8060493426712422,0.9356897978895554,Clase 3
0.011168132524898233,0.7616021225745534,Clase 3
0.04729818606496938,0.8084431096452411,Clase 3
0.6630408497127712,0.315352218394625,Clase 3
0.126424069122808,0.1731484561281179,Clase 1
0.27993676274214074,0.6757071503975006,Clase 3
0.24195233710432296,0.7989356053685728,Clase 3
0.39565279453421764,0.33686123557936065,Clase 2
0.7862555198304042,0.7166270822075669,Clase 3
0.7146515818190272,0.40700732996450983,Clase 2
0.9469231075724605,0.8892940742489369,Clase 3
0.6509588909273715,0.9801559729115229,Clase 2
0.6946760078586431,0.8057570311575697,Clase 3
0.26969143606566415,0.671594737790179,Clase 3
0.4557678866226249,0.1315676420386137,Clase 2
0.2216063467366981,0.5778963585365176,Clase 2
0.22198130786808812,0.17594782818636745,Clase 1
0.5193238109244133,0.4642357564801496,Clase 2
0.8242484733430294,0.8793148723153914,Clase 3
0.6204657113777672,0.3505031111140716,Clase 2
0.12475579532088144,0.9543781289905301,Clase 3
0.23218691454918194,0.42232288471864154,Clase 2
0.14707421487741412,0.5003125272180206,Clase 2
0.5200532202324568,0.7634869453822283,Clase 2
0.6233651252903774,0.2255054453116453,Clase 2
0.6837763236174396,0.7645797250314466,Clase 3
0.571708947784356,0.4395526288787215,Clase 2
0.556002190473817,0.6744397951394782,Clase 2
0.1350131293554856,0.02827312082693334,Clase 1
0.4867626508825976,0.3742851244404124,Clase 2
0.6640815609818905,0.7579801115121397,Clase 3
0.03267851603450367,0.6054318648392373,Clase 2
0.7689222519029024,0.7776091858192579,Clase 3
0.5838949556204517,0.5452926769857606,Clase 2
0.03981210812190239,0.27314109774020123,Clase 1
0.9708587868892968,0.4470124241219403,Clase 2
0.032268035493763114,0.8335918516595434,Clase 3
0.6105788612238173,0.6457665263574429,Clase 2
0.07084914611198811,0.36062798113226824,Clase 2
0.2786220339956621,0.15341622406556465,Clase 1
0.8340984809001594,0.32264500577465827,Clase 3
0.5424197926619914,0.6999117461586287,Clase 2
0.55131378417102,0.8673782441441757,Clase 2
0.0636041261581235,0.4624297474346265,Clase 2
0.16479083210180534,0.10362890983042272,Clase 1
0.002385071160974306,0.9498461355265136,Clase 3
0.02324238644550336,0.17256320728117858,Clase 1
0.16181012716902954,0.6447894817193035,Clase 2
0.8383030789001162,0.3242284104556361,Clase 3
0.02849453295309945,0.6060946196412853,Clase 2
0.8108383282356885,0.2592376735424188,Clase 3
0.1701336696953606,0.8920211532249985,Clase 3
0.10164136122648337,0.8774737927000763,Clase 3
0.9123430822815825,0.19953856000918324,Clase 3
0.5989365921391077,0.9865671720689356,Clase 2
0.5328958678341466,0.12789164709384115,Clase 2
0.21009075629723728,0.9635220209812753,Clase 3
0.8611282012336532,0.42444826250508816,Clase 2
0.36034630417553637,0.0074663994983007465,Clase 2
0.35985767385650824,0.08885245469537939,Clase 2
0.21499523866126036,0.30145877826456347,Clase 1
0.4904498213103534,0.11772796126686824,Clase 2
0.4888593371082809,0.7572289457399372,Clase 2
0.7589559683224802,0.20200129728016603,Clase 3
0.19716338296060754,0.6336381883124135,Clase 2
0.9030376263633275,0.9319348995121234,Clase 3
0.18974659232806046,0.13154911869572716,Clase 1
0.3698084283950366,0.3247835725174214,Clase 2
0.7485207862934404,0.6818595254677959,Clase 3
0.2800282427796972,0.060131089002952054,Clase 1
0.262350544209046,0.6518135410846598,Clase 2
0.8929274670146964,0.11424931607113853,Clase 3
0.9808721165195051,0.6368449128941484,Clase 2
0.7756181528845177,0.3325089482261159,Clase 2
0.739966730593178,0.6378883581717848,Clase 2
0.013226336649072468,0.7339438023577871,Clase 3
0.5914436331678982,0.8077865766924736,Clase 2
0.24461167715795085,0.8859522831049946,Clase 3
0.13304570500571866,0.7505851517198121,Clase 3
0.9186183410033705,0.16030988679651736,Clase 3
0.5119514458751266,0.07721411515276944,Clase 2
0.40283240345159244,0.06361983935612958,Clase 2
0.2740615472599104,0.37529875552429526,Clase 2
0.255534170926644,0.6982214706717255,Clase 3
0.552829266876088,0.24284849806141529,Clase 2
0.20096636358464925,0.7263890894335191,Clase 3
0.7839544426474395,0.8408291170254679,Clase 3
0.12912612875892204,0.6539890081443661,Clase 2
0.38238192299142815,0.6691772118796704,Clase 2
0.39098565663229545,0.7603558267979329,Clase 2
0.4767079256957182,0.3433218196256348,Clase 2
0.08428461681766763,0.7845236086820813,Clase 3
0.254849066143657,0.10353834160109121,Clase 1
0.24036538596279922,0.5553807189688347,Clase 2
0.014438883346390652,0.13467997912409946,Clase 1
0.8516905357892802,0.797698554156466,Clase 3
0.06358373803077255,0.5073516972034778,Clase 2
0.2273906213382162,0.21950150778195188,Clase 1
0.682746030620279,0.7143453580771065,Clase 3
0.2929228312640838,0.3037904644262096,Clase 1
0.3442520075269456,0.5284915014607586,Clase 2
0.17506045325040587,0.4262754598466494,Clase 2
0.24787184005949736,0.5200448393429348,Clase 2
0.02030622235126589,0.4347379373901189,Clase 2
0.7255250326331041,0.5924424029864321,Clase 2
0.18828284506945858,0.7281914711157963,Clase 3
0.18993676003925775,0.831275539144428,Clase 3
0.6714051314684264,0.34091399868216343,Clase 2
0.17685760666796535,0.9013312303079012,Clase 3
0.8486123535745391,0.2776018118247854,Clase 3
0.3828390872138552,0.44359204467485225,Clase 2
0.8091627181802921,0.4856352056720482,Clase 2
0.46543261131205294,0.3445311414724508,Clase 2
0.2989467826280555,0.6349801300650335,Clase 2
0.2564133489515329,0.3203506139029262,Clase 1
0.4073719417062974,0.5935548574734075,Clase 2
0.9015431566836216,0.6586995471629439,Clase 2
0.057603007364529724,0.6511113630438862,Clase 2
0.16615644892820802,0.795562802134318,Clase 3
0.5083973305517807,0.10687646377220317,Clase 2
0.6620042191869281,0.4285832668588646,Clase 2
0.45375603031027845,0.18102614691552354,Clase 2
0.48150856160709965,0.7881300573663267,Clase 2
0.5411726397702092,0.7220489339359794,Clase 2
0.9825342625355322,0.3166114465203457,Clase 3
0.97946444078381,0.13483385546386484,Clase 3
0.12585398874371634,0.38243375188415074,Clase 2
0.29293046361157027,0.19160312000926716,Clase 1
0.11910279743404806,0.05590142786985319,Clase 1
0.36578312285833625,0.02354646803936533,Clase 2
0.9899479220835663,0.9838965470278669,Clase 3
0.5727380722009231,0.7530735962757131,Clase 2
0.648537535753858,0.136663270513391,Clase 2
0.3443291030914444,0.42530163981839886,Clase 2
0.8852523881480135,0.4298338229527622,Clase 2
0.12828411202919532,0.1146953318404853,Clase 1
0.975664562501819,0.40436545126694534,Clase 2
0.39179693534203874,0.37082213261006114,Clase 2
0.5968396111294874,0.21380560383496405,Clase 2
0.5129309820817773,0.87785630039556,Clase 2
0.6865747005503108,0.40749270525646,Clase 2
0.3464095974018597,0.3922644315208381,Clase 2
0.3169475175884091,0.297707995460168,Clase 1
0.6193057441519635,0.09268241912707431,Clase 2
0.8690397088153328,0.12573984979434127,Clase 3
0.4269756737195842,0.10263422084764784,Clase 2
0.99492512375958,0.7888887704118088,Clase 3
0.12020647235024817,0.16685291706745697,Clase 1
0.2381852745451909,0.5063590111704659,Clase 2
0.574308264978135,0.30417302339866303,Clase 2
0.7272567197666819,0.6727078653661025,Clase 3
0.19715771286842332,0.9438789822972549,Clase 3
0.6068030331055453,0.059727178301595796,Clase 2
0.2389774725045105,0.0638125832337505,Clase 1
0.7673568165931142,0.5784254606911157,Clase 2
0.48685116356536107,0.22263898540613347,Clase 2
0.4333837935984838,0.3955813069874017,Clase 2
0.372310446384834,0.6497194310410835,Clase 2
0.6893761289657965,0.817238941716229,Clase 3
0.09948091219476696,0.5230522683615585,Clase 2
0.1485375092503719,0.6414415021872975,Clase 2
0.3525715155904008,0.03617493003339045,Clase 2
0.04346893926830264,0.12968407793433145,Clase 1
0.5706612816285075,0.20496060631750002,Clase 2
0.3776264133021703,0.25272471426047427,Clase 2
0.007163872517030323,0.5324689082160678,Clase 2
0.9225503034858102,0.5029009293562099,Clase 2
0.09780448714685597,0.618085253809979,Clase 2
0.011691788690768812,0.5512371264171642,Clase 2
0.4303550177124985,0.936011555807491,Clase 2
0.5467510576480236,0.41741879377284863,Clase 2
0.22476228034017498,0.844720084385891,Clase 3
0.7656318309154342,0.8083741214538065,Clase 3
0.5103862814652838,0.4841097036281269,Clase 2
0.656243437763592,0.0005515909422794119,Clase 2
0.17215914347466577,0.6524195656137145,Clase 2
0.9177060503379523,0.6823587053078607,Clase 3
0.43495892171102724,0.22364329894611112,Clase 2
0.3325337603762849,0.694734661944339,Clase 2
0.2671807982660255,0.5965882239569902,Clase 2
0.799593737544974,0.7787671038498423,Clase 3
0.837220282860886,0.9830762008661107,Clase 3
0.5995777200159851,0.908286359144549,Clase 2
0.5336113141899711,0.8251821716689808,Clase 2
0.8437994074283548,0.399066675026862,Clase 2
0.35190502475707064,0.5901041756764681,Clase 2
0.7878999522361395,0.19170132473036428,Clase 3
0.48543590558342287,0.8508271815717287,Clase 2
0.8269359014480614,0.9987418193161641,Clase 3
0.10925900997321403,0.440068585929862,Clase 2
0.3155117188764096,0.15238393788076,Clase 1
0.23440393589221808,0.7799143056358846,Clase 3
0.5119090946401855,0.7363404107939626,Clase 2
0.8856551368511008,0.9467771652675654,Clase 3
0.8019182879870704,0.7231548817164217,Clase 3
0.850066498531563,0.9573042903963938,Clase 3
0.06816825609339616,0.44760731113781427,Clase 2
0.03497149943977573,0.09389998655550491,Clase 1
0.7098153193779212,0.6715730515324644,Clase 3
0.02366620053196733,0.676487855292626,Clase 3
0.29019909181287573,0.7202761347085299,Clase 3
0.5521881326120999,0.686080763449755,Clase 2
0.9676017048137663,0.9983360442109808,Clase 3
0.2919554557961265,0.24844817280487097,Clase 1
0.5377991558092635,0.32493061168411874,Clase 2
0.9309320646651693,0.6892686140427947,Clase 3
0.9675679719310242,0.9342661692998657,Clase 3
0.4894662427621248,0.4881121964494134,Clase 2
0.3616543488884425,0.04487100099035535,Clase 2
0.17317854342773653,0.31438661173978544,Clase 1
0.2850738779848603,0.2587450839639831,Clase 1
0.45618766760903895,0.8658405674315542,Clase 2
0.22311941553788162,0.013914782169324291,Clase 1
0.6456067226019574,0.759852433461712,Clase 2
0.6618449834644107,0.951964722573021,Clase 3
0.24150516664008748,0.9734767853204788,Clase 3
0.9404171236448388,0.46839662810973126,Clase 2
0.08143349793556831,0.7974053866010907,Clase 3
0.16179581820338695,0.7971272237751545,Clase 3
0.06824295928468382,0.15534910888363673,Clase 1
0.6402774833405785,0.6437734707292004,Clase 2
0.1344296820436186,0.281725061030193,Clase 1
0.7350342171593058,0.004598441734163572,Clase 3
0.9248718523248882,0.9993245126324145,Clase 3
0.7047974095692141,0.6757439171972723,Clase 3
0.37547915198795523,0.2111122981387772,Clase 2
0.2501235984962231,0.4726927171591805,Clase 2
0.3180475389669062,0.6501494120249155,Clase 2
0.9063680860435066,0.28558028300966254,Clase 3
0.3097726474689678,0.1986328365595328,Clase 1
0.353436023582797,0.486220106651971,Clase 2
0.9437822759747274,0.29798462716114804,Clase 3
0.10209040480834075,0.9484060017951431,Clase 3
0.39584514131546755,0.9296852585681635,Clase 2
0.5287768658137221,0.6665286360897494,Clase 2
0.561681862752032,0.8190941996876321,Clase 2
0.9568655372905951,0.20151568314657686,Clase 3
0.8582674645791211,0.970260688290724,Clase 3
0.26089548077871794,0.3324102519807979,Clase 2
0.6803474150481627,0.5468019540793052,Clase 2
0.023335406024184824,0.7440340522149668,Clase 3
0.8302414236894201,0.9650650366861203,Clase 3
0.6044039560283749,0.8318549513097214,Clase 2
0.2801819725757324,0.05881408067288629,Clase 1
0.4269707355672745,0.36159493306930746,Clase 2
0.3423251319379982,0.8075029218567495,Clase 2
0.29378998726135386,0.7571708298878932,Clase 3
0.2979529728352043,0.9801412686497474,Clase 3
0.08554200793844136,0.12191760728930745,Clase 1
0.6066302032267097,0.9275192398921253,Clase 2
0.27347563451102674,0.0484527953045083,Clase 1
0.40727982513030736,0.7302428160737556,Clase 2
0.5480314420160451,0.6929451142054392,Clase 2
0.6786479080916515,0.7590361908285721,Clase 3
0.6422540117323754,0.04462113688425662,Clase 2
0.16097955118675766,0.22726831968318928,Clase 1
0.7922943345778389,0.37014270443911745,Clase 2
0.6167643638569347,0.5749666022378053,Clase 2
0.4133780445838303,0.6846833738076022,Clase 2
0.9587621804988085,0.8169319825318362,Clase 3
0.140732582179958,0.3806919314929895,Clase 2
0.4703672647078617,0.9366741031008634,Clase 2
0.8634297244387301,0.8808325944800606,Clase 3
0.29912662861162287,0.8347469891003972,Clase 3
0.09508393963725514,0.9013184290499271,Clase 3
0.37681698395314767,0.3085755208196693,Clase 2
0.8041805657019463,0.7978963529973253,Clase 3
0.6111851599928283,0.6404095661013182,Clase 2
0.27357060087559604,0.43486583719400396,Clase 2
0.03059493583333872,0.36527959946975863,Clase 2
0.2076636180861,0.20975864626218532,Clase 1
0.4119458383648743,0.8870975170014294,Clase 2
0.5112827083137192,0.9845152452272407,Clase 2
0.274235035996529,0.8858522785351294,Clase 3
0.8459533708299706,0.8200449404931748,Clase 3
0.3686764344826555,0.006718298538714973,Clase 2
0.4886510105063079,0.6264711368330065,Clase 2
0.873039663347508,0.2750783370631734,Clase 3
0.22231893140685755,0.38905187422065013,Clase 2
0.6332955380824731,0.598907417220533,Clase 2
0.33327987871681763,0.19437344845477933,Clase 2
0.2988042268554102,0.9992661328266571,Clase 3
0.8549959102785278,0.5506216626584274,Clase 2
0.13543203816556548,0.3907895807624132,Clase 2
0.4721110773840548,0.9371690040986869,Clase 2
0.049042679709575654,0.3523357086333303,Clase 2
0.3680890959331832,0.9027128067297158,Clase 2
0.01059887285029637,0.6577436959066765,Clase 2
0.23388507399649594,0.3686704948933436,Clase 2
0.5364776193104174,0.22043702519959496,Clase 2
0.169826193115042,0.8060940395563791,Clase 3
0.5951512722802005,0.25677831422123976,Clase 2
0.10446621734584816,0.9693273858999731,Clase 3
0.264833824732263,0.683557948514543,Clase 3
0.8302996886133017,0.7652260722071798,Clase 3
0.896004279665739,0.8176504765604627,Clase 3
0.20840462816074523,0.28395519645029876,Clase 1
0.07447112949695278,0.3791539635864495,Clase 2
0.12545951325993743,0.5219709730960568,Clase 2
9.947837620594147e-05,0.6965206689939306,Clase 3
0.8621285040972421,0.4404915282325731,Clase 2
0.663520540964996,0.9904738480394095,Clase 3
0.9343262760372218,0.9794631196637217,Clase 3
0.01842653298861663,0.3213012178547362,Clase 1
0.21397165376168048,0.6618258850272227,Clase 3
0.4698483538705337,0.554740935205598,Clase 2
0.4065529423868405,0.4957627615866472,Clase 2
0.20512278108103188,0.4582300766291101,Clase 2
0.4080972224907964,0.85392842938623,Clase 2
0.2709472537183826,0.08159927409166967,Clase 1
0.2588536352393621,0.3078763105312661,Clase 1
0.505654478048567,0.7813085689470436,Clase 2
0.9301058566120703,0.5227426327514962,Clase 2
0.08634072626052003,0.03221564305594726,Clase 1
0.202302000736709,0.8082673332930398,Clase 3
0.8487428436096207,0.06037267005509028,Clase 3
0.16703891025982953,0.6106213089743348,Clase 2
0.7877124138351336,0.6332145632028405,Clase 2
0.49480002125608535,0.4885199097437509,Clase 2
0.26385962159048393,0.8599277673523018,Clase 3
0.27237797029111865,0.44300423022567714,Clase 2
0.3034732965421497,0.38967989834113437,Clase 2
0.19296958638095485,0.3873513894074443,Clase 2
0.6978114638572183,0.9646279461755747,Clase 3
0.07847892335149798,0.7709680442055656,Clase 3
0.11878617380311407,0.1392389709919678,Clase 1
0.019511778107871414,0.22776705059472768,Clase 1
0.2203778886322043,0.5932129751428457,Clase 2
0.44078609467468266,0.37900508454504045,Clase 2
0.904889279911011,0.0387384417966713,Clase 3
0.5765878721355682,0.9075110063229965,Clase 2
0.4297078292347464,0.056085700037784236,Clase 2
0.816709311595202,0.5533319053895438,Clase 2
0.752633134577484,0.5554950786829306,Clase 2
0.20501827385190474,0.6269786331878803,Clase 2
0.0829029623833647,0.27467394926455313,Clase 1
0.9819745833606623,0.6135542041573324,Clase 2
0.5499255030952763,0.2903980276615248,Clase 2
0.5355128729413733,0.968776086645006,Clase 2
0.6023165249830688,0.2567351652126363,Clase 2
0.23924407990054763,0.7352734886274094,Clase 3
0.7494220559239593,0.526791090649965,Clase 2
0.2377470996700296,0.11539441593711752,Clase 1
0.9910755069116265,0.7718078207415873,Clase 3
0.9093187211347443,0.29407305400479067,Clase 3
0.3777469485887518,0.11567502442065192,Clase 2
0.725510685389356,0.9098484251916386,Clase 3
0.728998639704733,0.10910118516027978,Clase 3
0.08815413385403192,0.6436882103482953,Clase 2
0.7926615739738552,0.6957775943105048,Clase 3
0.4728769177918256,0.5527023110313672,Clase 2
0.15242581906294073,0.5840196357085308,Clase 2
0.3506660003549663,0.3099585943401384,Clase 2
0.13279713347216127,0.09778712620698404,Clase 1
0.8374571157607654,0.8875985667422569,Clase 3
0.2564064673834473,0.3101120852941195,Clase 1
0.8003533442190365,0.4186026964997118,Clase 2
0.5031706091772055,0.2085771851869328,Clase 2
0.14907892356938268,0.1391164685631444,Clase 1
0.06201217047025975,0.5064444654221194,Clase 2
0.8805548856177302,0.9951444764768708,Clase 3
0.7385037187397817,0.7399100779130867,Clase 3
0.901125473196948,0.8861529526241829,Clase 3
0.5558955543374944,0.537679741944683,Clase 2
0.603952861730729,0.7508436670788214,Clase 2
0.269206211828658,0.6142604147644978,Clase 2
0.8861298040557481,0.28848706793661394,Clase 3
0.787606686557677,0.7306497354328306,Clase 3
0.7557076409216852,0.5384175024301258,Clase 2
0.5387707517657242,0.71292962520177,Clase 2
0.3298363675982485,0.6814575049854931,Clase 3
0.3166979394491025,0.2974015035944638,Clase 1
0.696336733485278,0.9516801822929861,Clase 3
0.9337192046762696,0.6778444354235291,Clase 3
0.00018443192000894282,0.9692656877210055,Clase 3
0.5090008713291276,0.008446885538750504,Clase 2
0.7752566728286365,0.6540074714949089,Clase 2
0.4578436520879998,0.8730471454065428,Clase 2
0.6038531840628274,0.78837416520533,Clase 2
0.15318364646613236,0.8512438062350063,Clase 3
0.3655722954027685,0.489756693526041,Clase 2
0.18504068759734416,0.7788549928049631,Clase 3
0.96720409650335,0.948094888052353,Clase 3
0.7090051168740025,0.10244107395473179,Clase 3
0.6083766540600751,0.36138665882388143,Clase 2
0.567035783218144,0.024653648944581885,Clase 2
0.5344023575553968,0.3408847766478744,Clase 2
0.05279013083302653,0.3199105179239714,Clase 1
0.7373545544133215,0.4983656421514556,Clase 2
0.32874172921750955,0.1033041774349105,Clase 1
0.08605098756370344,0.17166711826146286,Clase 1
0.9526750546930455,0.7872578739451663,Clase 3
0.4256376498522142,0.42479153607778786,Clase 2
0.9266045921744244,0.6000029664708422,Clase 2
0.6429862773013015,0.7484076173138134,Clase 2
0.5378775201372068,0.4629200790125473,Clase 2
0.8843715306215935,0.37362730908311204,Clase 2
0.1728928425323366,0.34922310284922986,Clase 2
0.6175497374051611,0.4101492397521658,Clase 2
0.42246346629326903,0.3394648649688998,Clase 2
0.8945061079835849,0.49963550912880206,Clase 2
0.3368657461290506,0.6126402688562891,Clase 2
0.637078028053985,0.7542096991290654,Clase 2
0.9022649960660344,0.2460606476220446,Clase 3
0.3944423596490809,0.3962616895885064,Clase 2
0.5326472755219351,0.0256581877884261,Clase 2
0.8768529290678234,0.2428870118070745,Clase 3
0.024412823491136493,0.4201877743011374,Clase 2
0.4390148628506394,0.1574716038463735,Clase 2
0.7695609338374905,0.7174262397203971,Clase 3
0.4533864900610737,0.062396982274524504,Clase 2
0.6395680506172592,0.5624528347419522,Clase 2
0.6659486753885718,0.6182834980022579,Clase 2
0.8412959779898096,0.9787591979638355,Clase 3
0.06954821450312776,0.6556407172659533,Clase 2
0.06465986702687598,0.8545959597250201,Clase 3
0.8794399057475824,0.5308037930517576,Clase 2
0.8796350109762491,0.9777375369399449,Clase 3
0.7560089772595738,0.399404771399263,Clase 2
0.378794916331333,0.9856490597829741,Clase 2
0.4442463717428292,0.8606861290141914,Clase 2
0.36992275330694313,0.9218233146661124,Clase 2
0.6788673901106059,0.5168379987747425,Clase 2
0.38659150402368747,0.6467679420828712,Clase 2
0.6301503793914551,0.49309820237272206,Clase 2
0.6228198935790817,0.350494598642372,Clase 2
0.5176215586353436,0.2186050353396587,Clase 2
0.2266729258323371,0.594864677688158,Clase 2
0.5143740022814407,0.5109232708316752,Clase 2
0.9977782999210952,0.9808931178791621,Clase 3
